step,3915-choose-best,3915-choose-first,6058-choose-best,6058-choose-first,time-3915-choose-best,time-3915-choose-first,time-6058-choose-best,time-6058-choose-first
1,0.00733894,-0.0113965,-0.0166792,-0.0155819,82283.9,2044.47,81959.6,1669.75
2,0.0158956,-0.0110481,-0.00707328,-0.0150377,,,,
3,0.026546,-0.0110417,0.00148348,-0.0150372,,,,
4,0.0354576,-0.0101621,0.00798979,-0.0148544,,,,
5,0.0455823,-0.00993214,0.0141693,-0.0122696,,,,
6,0.0538471,-0.00953245,0.0220106,-0.0121027,,,,
7,0.0597588,-0.00953087,0.0318704,-0.0118283,,,,
8,0.0660783,-0.00814973,0.0442684,-0.0118208,,,,
9,0.0723874,-0.00802429,0.050626,-0.0116545,,,,
10,0.0782481,-0.0078433,0.0561809,-0.0069455,,,,
11,0.0840969,-0.00781863,0.061511,-0.0068252,,,,
12,0.0899485,-0.00738243,0.0672512,-0.00682453,,,,
13,0.0955288,-0.00738088,0.07364,-0.00681844,,,,
14,0.102106,-0.00737933,0.0792093,-0.00651251,,,,
15,0.110995,-0.00563405,0.0845096,-0.00606157,,,,
16,0.12102,-0.00393901,0.08937,-0.00564417,,,,
17,0.12841,-0.00393291,0.0945179,-0.00564151,,,,
18,0.133943,-0.00334093,0.0989434,-0.00391959,,,,
19,0.140554,-0.00333492,0.103681,-0.00391634,,,,
20,0.146204,-0.00333342,0.108834,-0.00259977,,,,
21,0.152147,-0.00292166,0.114115,-0.00258518,,,,
22,0.157712,-0.00292016,0.118542,-0.00241261,,,,
23,0.163222,-0.00291867,0.123045,-0.00219269,,,,
24,0.168942,-0.00291717,0.127395,-0.00198291,,,,
25,0.17439,-0.00290372,0.131542,-0.00197479,,,,
26,0.180367,-0.00172331,0.135625,-0.00181175,,,,
27,0.186036,-0.0017121,0.140394,-0.00127205,,,,
28,0.19083,-0.00113941,0.145379,0.00253873,,,,
29,0.195616,-0.00086766,0.151523,0.00284864,,,,
30,0.201199,-0.000685188,0.155619,0.00457293,,,,
31,0.20567,-0.000181331,0.159585,0.00650527,,,,
32,0.21015,-1.30754e-05,0.163472,0.00761005,,,,
33,0.213893,-1.18925e-05,0.167316,0.00761107,,,,
34,0.217831,0.000117129,0.172258,0.0101672,,,,
35,0.222181,0.000309051,0.177086,0.0101924,,,,
36,0.227248,0.000313811,0.180867,0.0104018,,,,
37,0.231302,0.000315,0.184622,0.0104059,,,,
38,0.236433,0.000334007,0.188348,0.0104134,,,,
39,0.240749,0.000376616,0.191905,0.0107725,,,,
40,0.244114,0.000553143,0.195481,0.0135337,,,,
41,0.247425,0.000595592,0.199824,0.0151562,,,,
42,0.250699,0.000596768,0.204456,0.0158927,,,,
43,0.253976,0.00146216,0.209775,0.0158935,,,,
44,0.25756,0.00147259,0.213963,0.0162883,,,,
45,0.262266,0.00147375,0.217966,0.0163403,,,,
46,0.265444,0.00182588,0.223786,0.016811,,,,
47,0.268469,0.00271054,0.228405,0.0170052,,,,
48,0.271306,0.00271165,0.233135,0.0187564,,,,
49,0.274323,0.00273947,0.236997,0.019176,,,,
50,0.277142,0.00305973,0.240755,0.0191936,,,,
51,0.279957,0.00306954,0.244243,0.0191964,,,,
52,0.282764,0.00426289,0.247534,0.0192138,,,,
53,0.28646,0.00442475,0.250823,0.0192145,,,,
54,0.291288,0.00442881,0.25406,0.0192172,,,,
55,0.296407,0.00442982,0.257193,0.0194484,,,,
56,0.300291,0.00464226,0.260621,0.0203151,,,,
57,0.30327,0.00972081,0.264389,0.0222701,,,,
58,0.306107,0.00996986,0.269424,0.023239,,,,
59,0.30892,0.0118713,0.275973,0.0234201,,,,
60,0.311916,0.0137057,0.283788,0.0238249,,,,
61,0.314564,0.0147594,0.290902,0.0243107,,,,
62,0.317927,0.0156443,0.295172,0.0243114,,,,
63,0.320556,0.0163373,0.299056,0.0244647,,,,
64,0.323167,0.0172003,0.302916,0.0248216,,,,
65,0.325725,0.0173999,0.305919,0.0248244,,,,
66,0.328215,0.0188493,0.309149,0.0248251,,,,
67,0.330678,0.019132,0.312078,0.0259701,,,,
68,0.334173,0.0207786,0.315777,0.0259735,,,,
69,0.337604,0.0207817,0.318509,0.0264668,,,,
70,0.340087,0.0207825,0.321182,0.027368,,,,
71,0.342556,0.02315,0.32386,0.0276232,,,,
72,0.345771,0.0233402,0.326505,0.0276266,,,,
73,0.34842,0.0233588,0.329103,0.0278811,,,,
74,0.35201,0.0283258,0.332926,0.0280385,,,,
75,0.355214,0.0295142,0.336841,0.0280418,,,,
76,0.357747,0.031092,0.339492,0.0282081,,,,
77,0.360421,0.0310949,0.342139,0.028209,,,,
78,0.362833,0.0312886,0.344765,0.0283886,,,,
79,0.365221,0.0339296,0.347275,0.0287516,,,,
80,0.367654,0.0341034,0.349723,0.0297722,,,,
81,0.369946,0.0363617,0.352599,0.0297795,,,,
82,0.372178,0.0363626,0.354989,0.0297868,,,,
83,0.374395,0.0370664,0.357825,0.0308576,,,,
84,0.376584,0.0373995,0.36123,0.0308584,,,,
85,0.378978,0.037403,0.363594,0.031075,,,,
86,0.381192,0.0377916,0.365963,0.0310758,,,,
87,0.383295,0.0390025,0.368446,0.0310767,,,,
88,0.385387,0.0391818,0.370887,0.0321584,,,,
89,0.387465,0.0426755,0.373227,0.0327479,,,,
90,0.389505,0.0426764,0.375566,0.0332899,,,,
91,0.391499,0.0426774,0.377787,0.0346316,,,,
92,0.393496,0.0484223,0.380125,0.034638,,,,
93,0.395492,0.0490844,0.382341,0.0351787,,,,
94,0.397438,0.0499398,0.385652,0.0351794,,,,
95,0.399292,0.0500905,0.387861,0.0393,,,,
96,0.401111,0.0500999,0.39004,0.0394819,,,,
97,0.402917,0.0517,0.392164,0.0396667,,,,
98,0.404738,0.0517042,0.394444,0.0396673,,,,
99,0.406799,0.0517136,0.396588,0.0407421,,,,
100,0.40938,0.0545012,0.398649,0.0407427,,,,
101,0.412802,0.0545266,0.401555,0.0407523,,,,
102,0.415461,0.0557938,0.403549,0.0473559,,,,
103,0.417383,0.0570552,0.405527,0.0475937,,,,
104,0.419095,0.0585034,0.407739,0.0476219,,,,
105,0.42079,0.0587156,0.409642,0.04766,,,,
106,0.422485,0.0587246,0.411605,0.0516746,,,,
107,0.424191,0.0589208,0.413536,0.0518214,,,,
108,0.425844,0.0591239,0.415416,0.0522059,,,,
109,0.427467,0.0592621,0.417279,0.0528569,,,,
110,0.429057,0.0670786,0.419125,0.0528594,,,,
111,0.431222,0.0670874,0.421906,0.0528618,,,,
112,0.434634,0.0670884,0.425735,0.0533543,,,,
113,0.437302,0.067251,0.428683,0.0533611,,,,
114,0.438997,0.0672667,0.43059,0.054294,,,,
115,0.440684,0.0672677,0.432426,0.0554679,,,,
116,0.442328,0.0673612,0.434232,0.0554687,,,,
117,0.443921,0.0673621,0.436002,0.055663,,,,
118,0.445452,0.0687412,0.43767,0.0564834,,,,
119,0.44697,0.0687484,0.439274,0.0581102,,,,
120,0.448483,0.0687993,0.440877,0.0582935,,,,
121,0.449986,0.069161,0.44248,0.0605866,,,,
122,0.451477,0.0712666,0.444076,0.0609137,,,,
123,0.453154,0.071339,0.445627,0.0610391,,,,
124,0.454643,0.0713591,0.447276,0.0610546,,,,
125,0.456,0.072583,0.448863,0.0610633,,,,
126,0.45753,0.0726275,0.451003,0.0620104,,,,
127,0.458853,0.0730386,0.45367,0.0620111,,,,
128,0.460537,0.0735374,0.455173,0.0639678,,,,
129,0.461847,0.0735386,0.456647,0.0646853,,,,
130,0.463157,0.0735399,0.459026,0.0646872,,,,
131,0.46447,0.0782032,0.460495,0.0648866,,,,
132,0.465777,0.0782086,0.461962,0.0648871,,,,
133,0.467081,0.0785295,0.4634,0.0650786,,,,
134,0.468382,0.0785415,0.465216,0.0650791,,,,
135,0.470615,0.0801458,0.466653,0.0652487,,,,
136,0.471816,0.0810005,0.468062,0.0652507,,,,
137,0.472942,0.0814216,0.469467,0.06545,,,,
138,0.474068,0.0821216,0.47163,0.0668699,,,,
139,0.475193,0.082294,0.473035,0.0668781,,,,
140,0.476318,0.0824384,0.475142,0.0696195,,,,
141,0.477443,0.0829087,0.476545,0.0703913,,,,
142,0.478567,0.0833125,0.478882,0.0703941,,,,
143,0.480251,0.0836406,0.480268,0.0709204,,,,
144,0.481374,0.0837552,0.481635,0.0711402,,,,
145,0.482497,0.0857443,0.483162,0.0713169,,,,
146,0.48362,0.0859586,0.484517,0.0713175,,,,
147,0.484743,0.0862146,0.48587,0.071481,,,,
148,0.485866,0.08647,0.487203,0.0720954,,,,
149,0.486989,0.0880322,0.488534,0.0720961,,,,
150,0.488486,0.0922933,0.490219,0.0722936,,,,
151,0.489609,0.0928273,0.491556,0.0722942,,,,
152,0.490732,0.0951788,0.493033,0.0723625,,,,
153,0.491852,0.09518,0.494348,0.0723632,,,,
154,0.492971,0.0964846,0.495653,0.0768176,,,,
155,0.494516,0.0969272,0.496907,0.084887,,,,
156,0.495693,0.096946,0.498103,0.0848949,,,,
157,0.496741,0.0971145,0.499274,0.0850679,,,,
158,0.498247,0.0971157,0.500426,0.0850688,,,,
159,0.500264,0.0971207,0.501568,0.0857178,,,,
160,0.502967,0.0971813,0.502714,0.0857631,,,,
161,0.503966,0.0975999,0.503856,0.0867287,,,,
162,0.504937,0.0984958,0.504984,0.0883276,,,,
163,0.505902,0.098497,0.5061,0.0886003,,,,
164,0.506867,0.100225,0.507213,0.0913409,,,,
165,0.507832,0.101816,0.508306,0.0913704,,,,
166,0.50879,0.101992,0.50939,0.0918425,,,,
167,0.509737,0.102197,0.510459,0.0918457,,,,
168,0.510683,0.102394,0.511543,0.0918529,,,,
169,0.511604,0.102542,0.512718,0.0918814,,,,
170,0.512518,0.102546,0.514289,0.092785,,,,
171,0.513431,0.105866,0.515362,0.0940854,,,,
172,0.514333,0.10592,0.516432,0.100556,,,,
173,0.515238,0.105921,0.518623,0.102484,,,,
174,0.516302,0.105923,0.520147,0.102673,,,,
175,0.517351,0.105927,0.521309,0.102848,,,,
176,0.518243,0.106038,0.522379,0.103099,,,,
177,0.519131,0.112479,0.523422,0.103426,,,,
178,0.520017,0.112729,0.524464,0.103812,,,,
179,0.520889,0.11283,0.525484,0.109793,,,,
180,0.521747,0.113007,0.526481,0.10989,,,,
181,0.5226,0.113794,0.52747,0.109987,,,,
182,0.523432,0.113795,0.528455,0.112068,,,,
183,0.524255,0.113797,0.529455,0.113272,,,,
184,0.525074,0.113841,0.530438,0.114194,,,,
185,0.525869,0.113842,0.531567,0.114199,,,,
186,0.526662,0.113853,0.532532,0.114511,,,,
187,0.527829,0.113873,0.533497,0.12537,,,,
188,0.528857,0.11493,0.534454,0.127415,,,,
189,0.52965,0.115393,0.535412,0.128469,,,,
190,0.530426,0.115437,0.536325,0.128475,,,,
191,0.531188,0.115439,0.537364,0.129713,,,,
192,0.531945,0.11544,0.538272,0.129715,,,,
193,0.532685,0.118768,0.539169,0.131111,,,,
194,0.533426,0.11883,0.540048,0.131119,,,,
195,0.534167,0.121239,0.541053,0.131289,,,,
196,0.534907,0.121571,0.541928,0.131945,,,,
197,0.535644,0.121692,0.542797,0.132913,,,,
198,0.53638,0.123223,0.543647,0.132931,,,,
199,0.537111,0.123229,0.544482,0.132932,,,,
200,0.537841,0.123251,0.545315,0.133339,,,,
201,0.538565,0.123861,0.54613,0.133794,,,,
202,0.539288,0.123862,0.546944,0.138218,,,,
203,0.540002,0.124794,0.547751,0.14726,,,,
204,0.540716,0.124961,0.548547,0.147804,,,,
205,0.54142,0.126894,0.54933,0.148901,,,,
206,0.542112,0.131639,0.550113,0.150026,,,,
207,0.542802,0.132275,0.550849,0.150205,,,,
208,0.543478,0.135757,0.551581,0.151515,,,,
209,0.544061,0.136139,0.552305,0.151667,,,,
210,0.544645,0.13618,0.553029,0.155336,,,,
211,0.545221,0.136669,0.553728,0.155343,,,,
212,0.545792,0.137056,0.554427,0.156118,,,,
213,0.546363,0.137066,0.555111,0.15612,,,,
214,0.54693,0.137076,0.555776,0.15695,,,,
215,0.547497,0.137192,0.55644,0.156957,,,,
216,0.548053,0.137194,0.557106,0.157128,,,,
217,0.548609,0.137795,0.55791,0.15713,,,,
218,0.549156,0.140862,0.55856,0.158563,,,,
219,0.549702,0.143646,0.559174,0.166124,,,,
220,0.550242,0.144346,0.559774,0.16694,,,,
221,0.550774,0.144348,0.560675,0.167174,,,,
222,0.551296,0.14453,0.561274,0.167515,,,,
223,0.551806,0.145097,0.561873,0.169291,,,,
224,0.552313,0.145109,0.56246,0.170588,,,,
225,0.552821,0.145275,0.563047,0.170594,,,,
226,0.553301,0.145287,0.56402,0.171393,,,,
227,0.55376,0.14705,0.564608,0.17204,,,,
228,0.554226,0.147877,0.565196,0.172042,,,,
229,0.554688,0.147899,0.565774,0.172126,,,,
230,0.555143,0.148251,0.566351,0.172132,,,,
231,0.555694,0.149174,0.566929,0.173612,,,,
232,0.556143,0.155005,0.567506,0.173627,,,,
233,0.55659,0.155296,0.568084,0.173799,,,,
234,0.557042,0.155297,0.568654,0.174281,,,,
235,0.55747,0.156149,0.5692,0.174614,,,,
236,0.557975,0.157703,0.569745,0.174828,,,,
237,0.558437,0.157852,0.570282,0.174835,,,,
238,0.558872,0.158259,0.570809,0.175456,,,,
239,0.559286,0.15826,0.571336,0.175471,,,,
240,0.559682,0.159711,0.572021,0.175478,,,,
241,0.560259,0.160894,0.572534,0.17552,,,,
242,0.560835,0.161436,0.573038,0.175907,,,,
243,0.561231,0.161455,0.57354,0.176341,,,,
244,0.56162,0.163273,0.574025,0.177299,,,,
245,0.562009,0.163278,0.574494,0.178463,,,,
246,0.56258,0.164271,0.574961,0.181865,,,,
247,0.56296,0.16455,0.575412,0.181867,,,,
248,0.563329,0.164551,0.575862,0.181906,,,,
249,0.563698,0.165469,0.576295,0.183059,,,,
250,0.564063,0.166357,0.576727,0.183804,,,,
251,0.564428,0.166449,0.577144,0.18395,,,,
252,0.564793,0.179329,0.577557,0.18437,,,,
253,0.565152,0.179329,0.577969,0.184672,,,,
254,0.565511,0.181948,0.57838,0.184844,,,,
255,0.565864,0.182594,0.578792,0.185365,,,,
256,0.566188,0.187285,0.579379,0.185798,,,,
257,0.566512,0.191964,0.579966,0.1858,,,,
258,0.567126,0.191973,0.580376,0.186118,,,,
259,0.568542,0.191974,0.580776,0.186976,,,,
260,0.570516,0.193349,0.581175,0.187158,,,,
261,0.572504,0.193353,0.581575,0.187165,,,,
262,0.573895,0.193354,0.581974,0.189694,,,,
263,0.574745,0.19355,0.582373,0.189739,,,,
264,0.575298,0.193551,0.582763,0.189741,,,,
265,0.575663,0.193734,0.583153,0.189748,,,,
266,0.576014,0.195608,0.583543,0.194447,,,,
267,0.576333,0.197729,0.583933,0.196051,,,,
268,0.576629,0.202125,0.584316,0.196053,,,,
269,0.576904,0.202513,0.5847,0.196192,,,,
270,0.577178,0.202516,0.585083,0.196193,,,,
271,0.577434,0.202517,0.585466,0.196224,,,,
272,0.577689,0.202923,0.585849,0.203037,,,,
273,0.577929,0.205989,0.586208,0.203461,,,,
274,0.578159,0.209025,0.586566,0.203885,,,,
275,0.578479,0.210866,0.586925,0.204816,,,,
276,0.579157,0.210883,0.587275,0.204833,,,,
277,0.579524,0.217641,0.587624,0.205427,,,,
278,0.579754,0.219777,0.587963,0.205429,,,,
279,0.579983,0.219789,0.588302,0.206504,,,,
280,0.580203,0.219789,0.589001,0.206512,,,,
281,0.580598,0.219792,0.589608,0.206514,,,,
282,0.580814,0.22143,0.590402,0.206516,,,,
283,0.58103,0.221431,0.590987,0.207125,,,,
284,0.581246,0.221611,0.591372,0.207133,,,,
285,0.581462,0.221612,0.591989,0.207555,,,,
286,0.581677,0.223759,0.592389,0.20915,,,,
287,0.581892,0.223762,0.592714,0.210091,,,,
288,0.582107,0.224162,0.59304,0.210094,,,,
289,0.582313,0.224677,0.593347,0.210096,,,,
290,0.58252,0.226476,0.593645,0.210127,,,,
291,0.582726,0.226479,0.593941,0.210144,,,,
292,0.582932,0.22648,0.594962,0.210151,,,,
293,0.583138,0.227785,0.595402,0.210291,,,,
294,0.583343,0.22814,0.595809,0.212097,,,,
295,0.583549,0.228143,0.596204,0.212216,,,,
296,0.583748,0.228144,0.596456,0.212824,,,,
297,0.583947,0.229695,0.59669,0.21294,,,,
298,0.584146,0.229695,0.596924,0.219702,,,,
299,0.584345,0.229975,0.597157,0.219704,,,,
300,0.584539,0.230149,0.597391,0.219706,,,,
301,0.584732,0.231886,0.597681,0.219723,,,,
302,0.584926,0.232065,0.59805,0.226487,,,,
303,0.58512,0.232073,0.59827,0.226752,,,,
304,0.585313,0.233136,0.598488,0.228775,,,,
305,0.585507,0.233137,0.598718,0.228816,,,,
306,0.585701,0.233706,0.598935,0.228823,,,,
307,0.585894,0.233714,0.599153,0.229218,,,,
308,0.586088,0.234297,0.59937,0.230025,,,,
309,0.586281,0.234498,0.599633,0.231122,,,,
310,0.586475,0.237574,0.599839,0.231202,,,,
311,0.586665,0.237582,0.600045,0.232778,,,,
312,0.586855,0.237583,0.600251,0.232818,,,,
313,0.587045,0.238448,0.600457,0.234981,,,,
314,0.587235,0.238451,0.601037,0.23522,,,,
315,0.587425,0.238452,0.601235,0.235434,,,,
316,0.587615,0.240087,0.601432,0.236663,,,,
317,0.587805,0.240439,0.60163,0.236823,,,,
318,0.587995,0.240696,0.601827,0.236825,,,,
319,0.588185,0.242511,0.602025,0.236877,,,,
320,0.588369,0.243394,0.602223,0.238493,,,,
321,0.588554,0.243696,0.60242,0.238976,,,,
322,0.588738,0.2437,0.602612,0.239242,,,,
323,0.588922,0.248934,0.602804,0.239415,,,,
324,0.589107,0.249149,0.602996,0.240479,,,,
325,0.589291,0.24915,0.603187,0.240641,,,,
326,0.589475,0.249364,0.603379,0.243579,,,,
327,0.58966,0.249965,0.603571,0.243751,,,,
328,0.58984,0.249993,0.603763,0.24446,,,,
329,0.590021,0.251661,0.603955,0.2445,,,,
330,0.590202,0.251859,0.604146,0.248725,,,,
331,0.590382,0.25241,0.604338,0.249737,,,,
332,0.590563,0.252416,0.604521,0.250151,,,,
333,0.590739,0.252537,0.604703,0.250561,,,,
334,0.591095,0.252547,0.604886,0.250563,,,,
335,0.59127,0.254846,0.605068,0.250716,,,,
336,0.591446,0.255245,0.605251,0.25146,,,,
337,0.591621,0.255246,0.605433,0.252891,,,,
338,0.591797,0.255251,0.605616,0.256461,,,,
339,0.591972,0.255607,0.605798,0.256614,,,,
340,0.592141,0.255612,0.605981,0.259306,,,,
341,0.592309,0.256506,0.606164,0.264276,,,,
342,0.592478,0.262796,0.60634,0.264277,,,,
343,0.592646,0.262797,0.606517,0.264281,,,,
344,0.592796,0.262799,0.606694,0.265367,,,,
345,0.592921,0.262974,0.60687,0.265714,,,,
346,0.593031,0.263351,0.607047,0.265836,,,,
347,0.593453,0.263526,0.607224,0.265919,,,,
348,0.593864,0.2758,0.6074,0.266069,,,,
349,0.593968,0.277928,0.607569,0.266293,,,,
350,0.594225,0.277971,0.607737,0.270906,,,,
351,0.594311,0.277975,0.607906,0.27091,,,,
352,0.594396,0.278994,0.608074,0.270917,,,,
353,0.594481,0.280425,0.60825,0.271095,,,,
354,0.594553,0.280756,0.608411,0.27797,,,,
355,0.594598,0.281427,0.608587,0.278684,,,,
356,0.594642,0.281782,0.608744,0.278688,,,,
357,0.594685,0.281958,0.608901,0.278689,,,,
358,0.59473,0.282151,0.609057,0.278693,,,,
359,0.594765,0.282555,0.609214,0.278694,,,,
360,0.594799,0.282813,0.609361,0.279546,,,,
361,0.594823,0.282823,0.609489,0.279547,,,,
362,0.594848,0.283881,0.609606,0.279613,,,,
363,0.594886,0.284902,0.609729,0.284411,,,,
364,0.595388,0.288283,0.610368,0.291881,,,,
365,0.595785,0.288284,0.611474,0.29212,,,,
366,0.59617,0.288438,0.611736,0.292159,,,,
367,0.596391,0.288951,0.611849,0.292365,,,,
368,0.596598,0.290401,0.611945,0.292558,,,,
369,0.596772,0.291795,0.612043,0.292559,,,,
370,0.596964,0.292233,0.612132,0.294277,,,,
371,0.596991,0.293121,0.612223,0.29446,,,,
372,0.598198,0.293122,0.612298,0.29829,,,,
373,0.599671,0.294697,0.612355,0.298813,,,,
374,0.599708,0.294727,0.612411,0.298817,,,,
375,0.599735,0.296396,0.612452,0.298848,,,,
376,0.599754,0.296406,0.612493,0.298852,,,,
377,0.599773,0.296938,0.612534,0.299057,,,,
378,0.599785,0.296949,0.612575,0.299283,,,,
379,0.599797,0.297294,0.612615,0.299461,,,,
380,0.599809,0.297298,0.612643,0.30238,,,,
381,0.59982,0.2973,0.612671,0.306167,,,,
382,0.599832,0.297304,0.612699,0.309044,,,,
383,0.599844,0.298916,0.612726,0.309538,,,,
384,0.599855,0.298917,0.612753,0.312573,,,,
385,0.599867,0.310109,0.612776,0.312978,,,,
386,0.599879,0.310506,0.612795,0.312979,,,,
387,0.59989,0.310717,0.612813,0.313374,,,,
388,0.599897,0.3109,0.612831,0.318086,,,,
389,0.599903,0.311079,0.61285,0.31862,,,,
390,0.59991,0.312546,0.61286,0.319032,,,,
391,0.599916,0.312709,0.61287,0.325819,,,,
392,0.599922,0.312804,0.61288,0.326214,,,,
393,0.599929,0.312805,0.612891,0.326815,,,,
394,0.599935,0.318581,0.612901,0.326973,,,,
395,0.599942,0.318581,0.612911,0.32788,,,,
396,0.599948,0.31859,0.612921,0.328342,,,,
397,0.599954,0.318632,0.612931,0.328356,,,,
398,0.599961,0.318728,0.612941,0.328947,,,,
399,0.599967,0.31873,0.612952,0.329104,,,,
400,0.599973,0.320911,0.612962,0.340816,,,,
401,0.59998,0.320916,0.612972,0.341049,,,,
402,0.599986,0.32092,0.612982,0.34105,,,,
403,0.599992,0.321769,0.612992,0.342701,,,,
404,0.599998,0.330146,0.613002,0.344889,,,,
405,0.600005,0.330148,0.613012,0.345067,,,,
406,0.600011,0.33074,0.613022,0.345728,,,,
407,0.600017,0.33685,0.613032,0.346117,,,,
408,0.60002,0.337044,0.613042,0.346902,,,,
409,0.600023,0.337672,0.613052,0.346902,,,,
410,0.600025,0.350749,0.613062,0.346905,,,,
411,0.600028,0.351022,0.613072,0.349249,,,,
412,0.600031,0.352087,0.613082,0.35008,,,,
413,0.600034,0.352088,0.613092,0.352234,,,,
414,0.600036,0.352089,0.613102,0.352701,,,,
415,0.600039,0.352467,0.613112,0.353708,,,,
416,0.600042,0.353239,0.613122,0.354058,,,,
417,0.600045,0.353244,0.613132,0.35421,,,,
418,0.600047,0.353422,0.613141,0.354394,,,,
419,0.60005,0.353437,0.613151,0.355161,,,,
420,0.600053,0.353444,0.613161,0.362839,,,,
421,0.600055,0.353455,0.613165,0.362845,,,,
422,0.600058,0.353634,0.61317,0.363471,,,,
423,0.600061,0.353841,0.613174,0.363493,,,,
424,0.600064,0.359301,0.613179,0.365452,,,,
425,0.600066,0.359301,0.613183,0.365452,,,,
426,0.600069,0.359301,0.613187,0.365738,,,,
427,0.600072,0.36916,0.613192,0.365754,,,,
428,0.600074,0.36916,0.613196,0.366963,,,,
429,0.600077,0.369162,0.6132,0.366964,,,,
430,0.60008,0.370461,0.613205,0.367122,,,,
431,0.600083,0.370461,0.613209,0.367123,,,,
432,0.600085,0.370462,0.613213,0.36952,,,,
433,0.600088,0.370462,0.613218,0.369523,,,,
434,0.600091,0.370462,0.613222,0.369569,,,,
435,0.600093,0.375172,0.613226,0.369575,,,,
436,0.600096,0.375635,0.613231,0.370206,,,,
437,0.600099,0.375635,0.613235,0.370223,,,,
438,0.600101,0.375635,0.613239,0.370408,,,,
439,0.600104,0.375635,0.613244,0.370419,,,,
440,0.600107,0.375635,0.613248,0.371285,,,,
441,0.600109,0.375635,0.613252,0.371288,,,,
442,0.600112,0.375635,0.613257,0.374028,,,,
443,0.600115,0.375822,0.613261,0.374856,,,,
444,0.600115,0.376009,0.613265,0.374861,,,,
445,0.600116,0.376009,0.61327,0.374865,,,,
446,0.600117,0.376009,0.613274,0.375253,,,,
447,0.600117,0.376196,0.613278,0.375336,,,,
448,0.600118,0.376384,0.613282,0.383551,,,,
449,0.600119,0.376384,0.613287,0.383552,,,,
450,0.600119,0.381677,0.613291,0.383553,,,,
451,0.60012,0.385241,0.613295,0.383559,,,,
452,0.600121,0.387366,0.6133,0.385726,,,,
453,0.600121,0.387367,0.613304,0.385731,,,,
454,0.600122,0.387367,0.613308,0.38592,,,,
455,0.600123,0.387719,0.613309,0.38592,,,,
456,0.600123,0.387731,0.61331,0.391474,,,,
457,0.600124,0.387731,0.613311,0.393624,,,,
458,0.600125,0.387733,0.613313,0.39453,,,,
459,0.600125,0.387733,0.613314,0.395942,,,,
460,0.600126,0.387928,0.613315,0.395947,,,,
461,0.600127,0.387929,0.613316,0.397299,,,,
462,0.600127,0.38793,0.613317,0.399686,,,,
463,0.600128,0.38793,0.613318,0.399689,,,,
464,0.600129,0.387931,0.613319,0.407526,,,,
465,0.600129,0.388125,0.61332,0.408486,,,,
466,0.60013,0.388129,0.613321,0.408492,,,,
467,0.600131,0.388131,0.613322,0.40907,,,,
468,0.600131,0.38927,0.613323,0.430017,,,,
469,0.600132,0.389455,0.613324,0.430196,,,,
470,0.600133,0.389459,0.613325,0.431141,,,,
471,0.600133,0.38946,0.613326,0.431547,,,,
472,0.600134,0.38946,0.613327,0.431789,,,,
473,0.600135,0.389462,0.613329,0.431797,,,,
474,0.600135,0.389462,0.61333,0.432614,,,,
475,0.600136,0.389469,0.613331,0.434297,,,,
476,0.600137,0.401228,0.613332,0.434298,,,,
477,0.600137,0.401238,0.613333,0.43465,,,,
478,0.600138,0.401254,0.613334,0.434651,,,,
479,0.600139,0.404019,0.613335,0.435421,,,,
480,0.600139,0.404033,0.613336,0.436202,,,,
481,0.60014,0.405483,0.613337,0.436771,,,,
482,0.600141,0.405483,0.613338,0.439442,,,,
483,0.600141,0.405484,0.613339,0.439622,,,,
484,0.600142,0.405488,0.61334,0.439622,,,,
485,0.600143,0.40648,0.613341,0.440206,,,,
486,0.600143,0.406659,0.613342,0.440911,,,,
487,0.600144,0.406667,0.613343,0.440914,,,,
488,0.600145,0.406668,0.613345,0.441079,,,,
489,0.600145,0.406672,0.613346,0.44489,,,,
490,0.600146,0.406672,0.613347,0.445212,,,,
491,0.600147,0.406717,0.613348,0.445569,,,,
492,0.600147,0.406718,0.613349,0.44614,,,,
493,0.600148,0.406719,0.61335,0.44615,,,,
494,0.600148,0.40672,0.613351,0.447341,,,,
495,0.600149,0.407523,0.613352,0.448506,,,,
496,0.60015,0.407524,0.613353,0.448508,,,,
497,0.60015,0.407547,0.613354,0.448509,,,,
498,0.600151,0.407562,0.613355,0.448724,,,,
499,0.600152,0.407595,0.613356,0.449341,,,,
500,0.600152,0.407599,0.613357,0.449346,,,,
501,0.600153,0.407644,0.613358,0.449347,,,,
502,0.600154,0.408113,0.613359,0.449357,,,,
503,0.600154,0.408117,0.613361,0.451986,,,,
504,0.600155,0.408118,0.613362,0.454159,,,,
505,0.600156,0.408122,0.613363,0.454318,,,,
506,0.600156,0.412803,0.613364,0.458612,,,,
507,0.600157,0.412807,0.613365,0.458996,,,,
508,0.600158,0.412807,0.613366,0.459006,,,,
509,0.600158,0.412987,0.613367,0.459198,,,,
510,0.600159,0.41915,0.613368,0.461353,,,,
511,0.60016,0.420116,0.613369,0.465187,,,,
512,0.60016,0.420311,0.61337,0.465364,,,,
513,0.600161,0.420505,0.613371,0.465365,,,,
514,0.600162,0.420509,0.613372,0.4657,,,,
515,0.600162,0.420512,0.613373,0.465877,,,,
516,0.600163,0.420513,0.613374,0.465895,,,,
517,0.600164,0.42052,0.613375,0.466064,,,,
518,0.600164,0.421052,0.613376,0.469893,,,,
519,0.600165,0.421053,0.613378,0.470309,,,,
520,0.600166,0.422122,0.613379,0.470314,,,,
521,,0.422123,0.61338,0.470315,,,,
522,,0.425284,0.613381,0.470445,,,,
523,,0.425461,0.613382,0.470455,,,,
524,,0.425462,0.613383,0.470624,,,,
525,,0.425463,,0.470782,,,,
526,,0.425473,,0.472981,,,,
527,,0.425664,,0.473902,,,,
528,,0.428555,,0.474634,,,,
529,,0.428556,,0.48442,,,,
530,,0.428557,,0.484425,,,,
531,,0.428567,,0.484758,,,,
532,,0.432013,,0.484763,,,,
533,,0.432022,,0.490859,,,,
534,,0.432022,,0.491164,,,,
535,,0.439927,,0.491165,,,,
536,,0.440122,,0.491353,,,,
537,,0.443117,,0.493612,,,,
538,,0.443118,,0.494181,,,,
539,,0.443119,,0.494528,,,,
540,,0.443657,,0.494603,,,,
541,,0.443665,,0.494613,,,,
542,,0.44368,,0.495103,,,,
543,,0.443714,,0.498799,,,,
544,,0.443855,,0.499921,,,,
545,,0.443859,,0.499925,,,,
546,,0.443868,,0.500108,,,,
547,,0.44436,,0.500332,,,,
548,,0.444364,,0.505919,,,,
549,,0.444576,,0.506181,,,,
550,,0.444576,,0.506186,,,,
551,,0.444716,,0.506729,,,,
552,,0.444731,,0.509911,,,,
553,,0.444732,,0.510707,,,,
554,,0.444736,,0.51089,,,,
555,,0.444737,,0.511011,,,,
556,,0.444877,,0.511207,,,,
557,,0.447633,,0.512117,,,,
558,,0.447634,,0.512121,,,,
559,,0.447635,,0.512434,,,,
560,,0.448324,,0.512438,,,,
561,,0.448325,,0.516387,,,,
562,,0.450777,,0.52281,,,,
563,,0.450781,,0.523858,,,,
564,,0.450791,,0.525201,,,,
565,,0.450792,,0.525234,,,,
566,,0.450941,,0.526242,,,,
567,,0.450945,,0.526826,,,,
568,,0.457669,,0.527785,,,,
569,,0.45767,,0.528087,,,,
570,,0.457675,,0.528609,,,,
571,,0.457676,,0.528991,,,,
572,,0.45768,,0.530126,,,,
573,,0.457684,,0.531221,,,,
574,,0.459196,,0.531588,,,,
575,,0.459213,,0.531755,,,,
576,,0.459214,,0.531935,,,,
577,,0.459216,,0.531936,,,,
578,,0.459217,,0.532087,,,,
579,,0.459218,,0.535827,,,,
580,,0.459219,,0.536023,,,,
581,,0.459632,,0.537098,,,,
582,,0.459633,,0.537281,,,,
583,,0.459816,,0.537921,,,,
584,,0.470432,,0.53813,,,,
585,,0.470433,,0.538303,,,,
586,,0.470442,,0.538851,,,,
587,,0.470443,,0.539025,,,,
588,,0.470444,,0.539411,,,,
589,,0.470445,,0.539591,,,,
590,,0.470446,,0.539611,,,,
591,,0.470447,,0.539964,,,,
592,,0.470448,,0.540145,,,,
593,,0.470449,,0.543437,,,,
594,,0.470458,,0.543495,,,,
595,,0.473372,,0.543506,,,,
596,,0.473373,,0.543507,,,,
597,,0.473376,,0.543691,,,,
598,,0.473377,,0.546122,,,,
599,,0.473381,,0.54616,,,,
600,,0.473384,,0.548964,,,,
601,,0.473385,,0.549081,,,,
602,,0.475484,,0.549255,,,,
603,,0.477379,,0.549258,,,,
604,,0.477385,,0.549358,,,,
605,,0.477386,,0.549549,,,,
606,,0.477387,,0.550759,,,,
607,,0.477387,,0.551351,,,,
608,,0.483595,,0.551368,,,,
609,,0.485964,,0.562298,,,,
610,,0.486324,,0.562627,,,,
611,,0.486326,,0.562628,,,,
612,,0.486494,,0.562843,,,,
613,,0.486503,,0.562934,,,,
614,,0.486505,,0.562977,,,,
615,,0.486507,,0.563146,,,,
616,,0.486516,,0.563551,,,,
617,,0.486521,,0.564105,,,,
618,,0.486521,,0.56427,,,,
619,,0.4876,,0.564313,,,,
620,,0.4876,,0.564357,,,,
621,,0.487601,,0.565185,,,,
622,,0.487752,,0.565192,,,,
623,,0.487772,,0.565594,,,,
624,,0.487773,,0.565784,,,,
625,,0.487773,,0.565785,,,,
626,,0.487774,,0.566707,,,,
627,,0.487776,,0.566864,,,,
628,,0.487954,,0.567059,,,,
629,,0.487957,,0.567249,,,,
630,,0.488149,,0.568455,,,,
631,,0.488151,,0.570565,,,,
632,,0.488152,,0.571728,,,,
633,,0.488152,,0.571927,,,,
634,,0.488154,,0.573698,,,,
635,,0.489963,,0.576406,,,,
636,,0.490164,,0.578488,,,,
637,,0.490171,,0.578642,,,,
638,,0.495035,,0.578817,,,,
639,,0.49504,,0.57893,,,,
640,,0.495041,,0.579444,,,,
641,,0.499128,,0.579445,,,,
642,,0.49913,,0.579554,,,,
643,,0.49913,,0.579566,,,,
644,,0.499131,,0.579747,,,,
645,,0.499131,,0.579756,,,,
646,,0.499131,,0.580629,,,,
647,,0.499142,,0.582106,,,,
648,,0.499331,,0.582488,,,,
649,,0.499332,,0.582668,,,,
650,,0.499717,,0.582978,,,,
651,,0.499717,,0.582979,,,,
652,,0.500319,,0.583463,,,,
653,,0.50032,,0.583464,,,,
654,,0.500321,,0.583722,,,,
655,,0.500466,,0.58388,,,,
656,,0.500466,,0.584132,,,,
657,,0.500472,,0.584187,,,,
658,,0.500473,,0.585585,,,,
659,,0.500475,,0.585732,,,,
660,,0.500475,,0.586893,,,,
661,,0.500609,,0.596062,,,,
662,,0.50061,,0.596424,,,,
663,,0.50061,,0.599732,,,,
664,,0.500614,,0.6001,,,,
665,,0.500615,,0.600298,,,,
666,,0.500617,,0.600344,,,,
667,,0.500617,,0.600428,,,,
668,,0.500618,,0.602964,,,,
669,,0.500619,,0.602999,,,,
670,,0.500619,,0.603183,,,,
671,,0.500621,,0.603387,,,,
672,,0.500622,,0.603421,,,,
673,,0.500623,,0.604038,,,,
674,,0.500624,,0.605194,,,,
675,,0.500624,,0.605834,,,,
676,,0.500625,,0.606599,,,,
677,,0.5012,,0.607183,,,,
678,,0.5012,,0.610272,,,,
679,,0.5012,,,,,,
680,,0.501653,,,,,,
681,,0.501653,,,,,,
682,,0.501654,,,,,,
683,,0.501826,,,,,,
684,,0.501828,,,,,,
685,,0.501828,,,,,,
686,,0.501838,,,,,,
687,,0.501839,,,,,,
688,,0.501839,,,,,,
689,,0.501841,,,,,,
690,,0.501861,,,,,,
691,,0.505489,,,,,,
692,,0.507124,,,,,,
693,,0.507125,,,,,,
694,,0.510583,,,,,,
695,,0.510583,,,,,,
696,,0.510584,,,,,,
697,,0.513005,,,,,,
698,,0.513213,,,,,,
699,,0.513214,,,,,,
700,,0.51423,,,,,,
701,,0.514785,,,,,,
702,,0.515822,,,,,,
703,,0.516401,,,,,,
704,,0.516409,,,,,,
705,,0.516438,,,,,,
706,,0.516439,,,,,,
707,,0.516439,,,,,,
708,,0.516443,,,,,,
709,,0.516629,,,,,,
710,,0.516629,,,,,,
711,,0.516629,,,,,,
712,,0.516833,,,,,,
713,,0.517357,,,,,,
714,,0.518255,,,,,,
715,,0.519025,,,,,,
716,,0.519027,,,,,,
717,,0.519028,,,,,,
718,,0.519029,,,,,,
719,,0.522635,,,,,,
720,,0.522819,,,,,,
721,,0.523419,,,,,,
722,,0.523419,,,,,,
723,,0.523422,,,,,,
724,,0.523817,,,,,,
725,,0.523818,,,,,,
726,,0.523827,,,,,,
727,,0.523836,,,,,,
728,,0.523849,,,,,,
729,,0.524173,,,,,,
730,,0.524174,,,,,,
731,,0.524178,,,,,,
732,,0.524349,,,,,,
733,,0.524773,,,,,,
734,,0.524782,,,,,,
735,,0.52496,,,,,,
736,,0.526371,,,,,,
737,,0.52638,,,,,,
738,,0.526381,,,,,,
739,,0.52969,,,,,,
740,,0.529694,,,,,,
741,,0.529695,,,,,,
742,,0.52986,,,,,,
743,,0.529882,,,,,,
744,,0.529885,,,,,,
745,,0.529889,,,,,,
746,,0.53028,,,,,,
747,,0.530281,,,,,,
748,,0.530282,,,,,,
749,,0.530282,,,,,,
750,,0.530283,,,,,,
751,,0.530287,,,,,,
752,,0.530818,,,,,,
753,,0.532417,,,,,,
754,,0.532846,,,,,,
755,,0.5334,,,,,,
756,,0.533401,,,,,,
757,,0.533485,,,,,,
758,,0.533488,,,,,,
759,,0.534029,,,,,,
760,,0.534203,,,,,,
761,,0.535393,,,,,,
762,,0.535394,,,,,,
763,,0.535398,,,,,,
764,,0.535564,,,,,,
765,,0.535577,,,,,,
766,,0.542578,,,,,,
767,,0.542912,,,,,,
768,,0.543391,,,,,,
769,,0.551071,,,,,,
770,,0.551241,,,,,,
771,,0.551242,,,,,,
772,,0.554573,,,,,,
773,,0.554959,,,,,,
774,,0.555375,,,,,,
775,,0.555386,,,,,,
776,,0.555976,,,,,,
777,,0.555977,,,,,,
778,,0.55607,,,,,,
779,,0.55659,,,,,,
780,,0.556591,,,,,,
781,,0.556937,,,,,,
782,,0.557095,,,,,,
783,,0.5585,,,,,,
784,,0.558557,,,,,,
785,,0.558558,,,,,,
786,,0.558569,,,,,,
787,,0.559062,,,,,,
788,,0.560039,,,,,,
789,,0.56004,,,,,,
790,,0.563417,,,,,,
791,,0.564148,,,,,,
792,,0.564188,,,,,,
793,,0.564379,,,,,,
794,,0.564823,,,,,,
795,,0.564825,,,,,,
796,,0.566774,,,,,,
797,,0.566778,,,,,,
798,,0.566961,,,,,,
799,,0.566979,,,,,,
800,,0.567299,,,,,,
801,,0.5673,,,,,,
802,,0.567447,,,,,,
803,,0.567644,,,,,,
804,,0.567654,,,,,,
805,,0.567659,,,,,,
806,,0.56766,,,,,,
807,,0.576429,,,,,,
808,,0.57643,,,,,,
809,,0.576442,,,,,,
810,,0.576445,,,,,,
811,,0.577028,,,,,,
812,,0.578315,,,,,,
813,,0.578496,,,,,,
814,,0.578497,,,,,,
815,,0.578677,,,,,,
816,,0.578678,,,,,,
817,,0.578681,,,,,,
818,,0.578682,,,,,,
819,,0.578685,,,,,,
820,,0.578687,,,,,,
821,,0.57869,,,,,,
822,,0.578693,,,,,,
823,,0.578694,,,,,,
824,,0.578697,,,,,,
825,,0.579053,,,,,,
826,,0.579056,,,,,,
827,,0.579057,,,,,,
828,,0.57927,,,,,,
829,,0.579637,,,,,,
830,,0.579644,,,,,,
831,,0.580663,,,,,,
832,,0.580853,,,,,,
833,,0.583145,,,,,,
834,,0.583152,,,,,,
835,,0.583153,,,,,,
836,,0.583159,,,,,,
837,,0.583185,,,,,,
838,,0.586118,,,,,,
839,,0.590727,,,,,,
840,,0.590921,,,,,,
841,,0.591152,,,,,,
842,,0.591221,,,,,,
843,,0.592595,,,,,,
844,,0.592629,,,,,,
845,,0.59263,,,,,,
846,,0.59263,,,,,,
847,,0.592631,,,,,,
848,,0.592687,,,,,,
849,,0.598676,,,,,,
850,,0.598877,,,,,,
851,,0.600249,,,,,,
852,,0.600444,,,,,,
853,,0.600624,,,,,,
854,,0.600625,,,,,,
855,,0.60207,,,,,,
856,,0.604032,,,,,,
857,,0.604232,,,,,,
858,,0.604233,,,,,,
859,,0.604447,,,,,,
860,,0.604453,,,,,,
861,,0.604455,,,,,,
862,,0.604457,,,,,,
863,,0.604458,,,,,,
864,,0.605029,,,,,,
865,,0.605029,,,,,,
866,,0.605031,,,,,,
867,,0.605033,,,,,,
868,,0.605216,,,,,,
869,,0.605217,,,,,,
870,,0.606316,,,,,,
871,,0.606524,,,,,,
872,,0.606525,,,,,,
873,,0.606525,,,,,,
874,,0.606717,,,,,,
875,,0.606904,,,,,,
876,,0.606917,,,,,,
877,,0.606917,,,,,,
878,,0.606917,,,,,,
879,,0.606917,,,,,,
880,,0.606917,,,,,,
881,,0.607665,,,,,,
882,,0.607665,,,,,,
883,,0.60774,,,,,,
884,,0.60774,,,,,,
885,,0.60774,,,,,,
886,,0.60774,,,,,,
887,,0.60774,,,,,,
888,,0.60774,,,,,,
889,,0.60774,,,,,,
890,,0.607741,,,,,,
891,,0.607742,,,,,,
892,,0.607742,,,,,,
893,,0.608302,,,,,,
894,,0.608302,,,,,,
895,,0.608306,,,,,,
896,,0.608307,,,,,,
897,,0.608308,,,,,,
898,,0.608308,,,,,,
899,,0.608309,,,,,,
900,,0.608315,,,,,,
901,,0.608315,,,,,,
902,,0.608315,,,,,,
903,,0.608315,,,,,,
904,,0.608315,,,,,,
905,,0.608317,,,,,,
906,,0.608317,,,,,,
907,,0.608317,,,,,,
908,,0.608319,,,,,,
909,,0.608319,,,,,,
910,,0.608319,,,,,,
911,,0.608319,,,,,,
912,,0.608319,,,,,,
913,,0.608319,,,,,,
914,,0.60832,,,,,,
915,,0.60832,,,,,,
916,,0.60832,,,,,,
917,,0.60832,,,,,,
918,,0.60832,,,,,,
919,,0.60832,,,,,,
920,,0.60832,,,,,,
921,,0.608321,,,,,,
922,,0.608321,,,,,,
923,,0.608321,,,,,,
924,,0.608321,,,,,,
925,,0.608321,,,,,,
926,,0.608321,,,,,,
927,,0.608321,,,,,,
928,,0.608321,,,,,,
929,,0.608321,,,,,,
930,,0.608322,,,,,,
931,,0.608322,,,,,,
932,,0.608322,,,,,,
933,,0.608322,,,,,,
934,,0.608322,,,,,,
935,,0.608322,,,,,,
936,,0.608322,,,,,,
937,,0.608322,,,,,,
938,,0.608323,,,,,,
939,,0.608323,,,,,,
940,,0.608323,,,,,,
941,,0.608323,,,,,,
942,,0.608323,,,,,,
943,,0.608323,,,,,,
944,,0.608323,,,,,,
945,,0.608323,,,,,,
946,,0.608323,,,,,,
947,,0.608323,,,,,,
948,,0.608323,,,,,,
949,,0.608323,,,,,,
950,,0.608323,,,,,,
951,,0.608323,,,,,,
952,,0.608324,,,,,,
953,,0.608324,,,,,,
954,,0.608324,,,,,,
955,,0.608324,,,,,,
956,,0.608324,,,,,,
957,,0.608324,,,,,,
958,,0.608324,,,,,,
959,,0.608324,,,,,,
960,,0.608324,,,,,,
961,,0.608324,,,,,,
962,,0.608324,,,,,,
963,,0.608324,,,,,,
964,,0.608324,,,,,,
965,,0.608324,,,,,,
966,,0.608324,,,,,,
967,,0.608324,,,,,,
968,,0.608324,,,,,,
969,,0.608324,,,,,,
970,,0.608324,,,,,,
971,,0.608324,,,,,,
972,,0.608324,,,,,,
973,,0.608324,,,,,,
974,,0.608324,,,,,,
975,,0.608324,,,,,,
976,,0.608324,,,,,,
977,,0.608324,,,,,,
978,,0.608324,,,,,,
979,,0.608324,,,,,,
980,,0.608324,,,,,,
981,,0.608698,,,,,,
982,,0.608698,,,,,,
983,,0.608885,,,,,,
984,,0.608885,,,,,,
985,,0.608885,,,,,,
986,,0.608886,,,,,,
987,,0.608886,,,,,,
988,,0.608886,,,,,,
989,,0.608886,,,,,,
990,,0.608886,,,,,,
991,,0.608886,,,,,,
992,,0.608886,,,,,,
993,,0.609072,,,,,,
994,,0.609072,,,,,,
995,,0.609072,,,,,,
996,,0.609072,,,,,,
997,,0.609073,,,,,,
998,,0.609073,,,,,,
999,,0.61057,,,,,,
1000,,0.61057,,,,,,
1001,,0.61057,,,,,,
1002,,0.61057,,,,,,
1003,,0.610757,,,,,,
1004,,0.611459,,,,,,
1005,,0.61146,,,,,,
1006,,0.61146,,,,,,
1007,,0.61146,,,,,,
1008,,0.611461,,,,,,
1009,,0.612585,,,,,,
1010,,0.612585,,,,,,
1011,,0.612585,,,,,,
1012,,0.612586,,,,,,
1013,,0.612586,,,,,,
1014,,0.612586,,,,,,
1015,,0.612587,,,,,,
1016,,0.612587,,,,,,
1017,,0.612587,,,,,,
1018,,0.612587,,,,,,
1019,,0.612588,,,,,,
1020,,0.612588,,,,,,
1021,,0.612588,,,,,,
1022,,0.612588,,,,,,
1023,,0.612588,,,,,,
1024,,0.612588,,,,,,
1025,,0.612588,,,,,,
1026,,0.612588,,,,,,
1027,,0.612588,,,,,,
1028,,0.61259,,,,,,
1029,,0.61259,,,,,,
1030,,0.61259,,,,,,
1031,,0.61259,,,,,,
1032,,0.61259,,,,,,
1033,,0.612591,,,,,,
1034,,0.612591,,,,,,
1035,,0.612591,,,,,,
1036,,0.612591,,,,,,
1037,,0.612591,,,,,,
1038,,0.612591,,,,,,
1039,,0.612591,,,,,,
1040,,0.612591,,,,,,
1041,,0.612591,,,,,,
1042,,0.612591,,,,,,
1043,,0.612591,,,,,,
1044,,0.612591,,,,,,
1045,,0.612592,,,,,,
1046,,0.612592,,,,,,
1047,,0.612592,,,,,,
1048,,0.612593,,,,,,
1049,,0.612593,,,,,,
1050,,0.612593,,,,,,
1051,,0.61278,,,,,,
1052,,0.613586,,,,,,
1053,,0.613772,,,,,,
1054,,0.613772,,,,,,
1055,,0.613772,,,,,,
1056,,0.613772,,,,,,
1057,,0.613773,,,,,,
1058,,0.613774,,,,,,
1059,,0.613775,,,,,,
1060,,0.613775,,,,,,
1061,,0.613775,,,,,,
1062,,0.613775,,,,,,
1063,,0.613775,,,,,,
1064,,0.613777,,,,,,
1065,,0.614144,,,,,,
1066,,0.614144,,,,,,
1067,,0.614155,,,,,,
1068,,0.614156,,,,,,
1069,,0.614156,,,,,,
1070,,0.614156,,,,,,
1071,,0.614336,,,,,,
1072,,0.614336,,,,,,
1073,,0.614337,,,,,,
1074,,0.614341,,,,,,
1075,,0.614341,,,,,,
1076,,0.614342,,,,,,
1077,,0.614342,,,,,,
1078,,0.614528,,,,,,
1079,,0.61453,,,,,,
1080,,0.614531,,,,,,
1081,,0.614531,,,,,,
1082,,0.614531,,,,,,
1083,,0.616219,,,,,,
1084,,0.616219,,,,,,
1085,,0.616404,,,,,,
1086,,0.616404,,,,,,
1087,,0.616404,,,,,,
1088,,0.616405,,,,,,
1089,,0.616405,,,,,,
1090,,0.616406,,,,,,
1091,,0.616406,,,,,,
1092,,0.616407,,,,,,
1093,,0.616407,,,,,,
1094,,0.616407,,,,,,
1095,,0.616407,,,,,,
1096,,0.616407,,,,,,
1097,,0.616408,,,,,,
1098,,0.616408,,,,,,
1099,,0.616408,,,,,,
1100,,0.616781,,,,,,
1101,,0.616784,,,,,,
1102,,0.616784,,,,,,
1103,,0.617726,,,,,,
1104,,0.617726,,,,,,
1105,,0.619076,,,,,,
1106,,0.619076,,,,,,
1107,,0.619077,,,,,,
1108,,0.619077,,,,,,
1109,,0.619375,,,,,,
1110,,0.619375,,,,,,
1111,,0.619918,,,,,,
1112,,0.619919,,,,,,
1113,,0.619919,,,,,,
1114,,0.619922,,,,,,
1115,,0.619922,,,,,,
1116,,0.619923,,,,,,
1117,,0.619923,,,,,,
1118,,0.620414,,,,,,
1119,,0.620414,,,,,,
1120,,0.62097,,,,,,
1121,,0.62097,,,,,,
1122,,0.62097,,,,,,
1123,,0.620972,,,,,,
1124,,0.620972,,,,,,
1125,,0.621363,,,,,,
1126,,0.621363,,,,,,
1127,,0.621364,,,,,,
1128,,0.621972,,,,,,
1129,,0.621972,,,,,,
1130,,0.622159,,,,,,
1131,,0.622159,,,,,,
1132,,0.622159,,,,,,
1133,,0.622159,,,,,,
1134,,0.622347,,,,,,
1135,,0.622914,,,,,,
1136,,0.622914,,,,,,
1137,,0.623475,,,,,,
1138,,0.623475,,,,,,
1139,,0.623475,,,,,,
1140,,0.623495,,,,,,
1141,,0.623495,,,,,,
1142,,0.623495,,,,,,
1143,,0.623495,,,,,,
1144,,0.623495,,,,,,
1145,,0.623495,,,,,,
1146,,0.623495,,,,,,
1147,,0.623495,,,,,,
1148,,0.623495,,,,,,
1149,,0.623495,,,,,,
1150,,0.623495,,,,,,
1151,,0.623495,,,,,,
1152,,0.623495,,,,,,
1153,,0.623495,,,,,,
1154,,0.623495,,,,,,
1155,,0.623495,,,,,,
1156,,0.623495,,,,,,
1157,,0.623495,,,,,,
1158,,0.623495,,,,,,
1159,,0.623495,,,,,,
1160,,0.623495,,,,,,
1161,,0.62443,,,,,,
1162,,0.62443,,,,,,
1163,,0.62443,,,,,,
1164,,0.62443,,,,,,
1165,,0.62443,,,,,,
1166,,0.62443,,,,,,
1167,,0.62443,,,,,,
1168,,0.624431,,,,,,
1169,,0.624431,,,,,,
1170,,0.624431,,,,,,
1171,,0.624431,,,,,,
1172,,0.624431,,,,,,
1173,,0.624431,,,,,,
1174,,0.624431,,,,,,
1175,,0.624431,,,,,,
1176,,0.624431,,,,,,
1177,,0.624431,,,,,,
1178,,0.624431,,,,,,
1179,,0.624431,,,,,,
1180,,0.624431,,,,,,
1181,,0.624431,,,,,,
1182,,0.624431,,,,,,
1183,,0.625179,,,,,,
1184,,0.625179,,,,,,
1185,,0.625179,,,,,,
1186,,0.625179,,,,,,
1187,,0.625179,,,,,,
1188,,0.625179,,,,,,
1189,,0.625179,,,,,,
1190,,0.625179,,,,,,
1191,,0.62518,,,,,,
1192,,0.62518,,,,,,
1193,,0.62518,,,,,,
1194,,0.62518,,,,,,
1195,,0.62518,,,,,,
1196,,0.625554,,,,,,
1197,,0.625554,,,,,,
1198,,0.625554,,,,,,
1199,,0.625554,,,,,,
1200,,0.625554,,,,,,
1201,,0.625554,,,,,,
1202,,0.625554,,,,,,
1203,,0.628753,,,,,,
1204,,0.628753,,,,,,
1205,,0.628754,,,,,,
1206,,0.628755,,,,,,
1207,,0.628755,,,,,,
1208,,0.628755,,,,,,
1209,,0.628755,,,,,,
1210,,0.628756,,,,,,
1211,,0.628756,,,,,,
1212,,0.628756,,,,,,
1213,,0.628756,,,,,,
1214,,0.628757,,,,,,
1215,,0.628757,,,,,,
1216,,0.628757,,,,,,
1217,,0.628757,,,,,,
1218,,0.628757,,,,,,
1219,,0.628757,,,,,,
1220,,0.628757,,,,,,
1221,,0.628757,,,,,,
1222,,0.628757,,,,,,
1223,,0.628757,,,,,,
1224,,0.628758,,,,,,
1225,,0.628758,,,,,,
1226,,0.628758,,,,,,
1227,,0.628758,,,,,,
1228,,0.628758,,,,,,
1229,,0.628759,,,,,,
1230,,0.628759,,,,,,
1231,,0.628759,,,,,,
1232,,0.628759,,,,,,
1233,,0.628759,,,,,,
1234,,0.628759,,,,,,
1235,,0.628759,,,,,,
1236,,0.628759,,,,,,
1237,,0.628759,,,,,,
1238,,0.628759,,,,,,
1239,,0.628759,,,,,,
1240,,0.628759,,,,,,
1241,,0.62876,,,,,,
1242,,0.62876,,,,,,
1243,,0.62876,,,,,,
1244,,0.62876,,,,,,
1245,,0.62876,,,,,,
1246,,0.62876,,,,,,
1247,,0.62876,,,,,,
1248,,0.62876,,,,,,
1249,,0.62876,,,,,,
1250,,0.62876,,,,,,
1251,,0.62876,,,,,,
1252,,0.62876,,,,,,
1253,,0.62876,,,,,,
1254,,0.62876,,,,,,
1255,,0.62876,,,,,,
1256,,0.62876,,,,,,
1257,,0.62876,,,,,,
1258,,0.62876,,,,,,
1259,,0.62876,,,,,,
1260,,0.62876,,,,,,
1261,,0.628947,,,,,,
1262,,0.628947,,,,,,
1263,,0.628947,,,,,,
1264,,0.628947,,,,,,
1265,,0.628947,,,,,,
1266,,0.628947,,,,,,
1267,,0.628947,,,,,,
1268,,0.628947,,,,,,
1269,,0.628947,,,,,,
1270,,0.628947,,,,,,
1271,,0.628947,,,,,,
1272,,0.628947,,,,,,
1273,,0.628947,,,,,,
1274,,0.628947,,,,,,
1275,,0.628947,,,,,,
1276,,0.628947,,,,,,
1277,,0.628947,,,,,,
